{
    "startweek": 9,
    "endweek": 11,
    "trained525213.keras": {
        "spreadDiff": 424.1105354,
        "correctPickNum": 29,
        "totalmoney": -190
    },
    "trained522613.keras": {
        "spreadDiff": 403.860408281,
        "correctPickNum": 28,
        "totalmoney": 440
    },
    "trained521313.keras": {
        "spreadDiff": 425.267536825,
        "correctPickNum": 23,
        "totalmoney": 650
    },
    "trained481313.keras": {
        "spreadDiff": 527.0001277499999,
        "correctPickNum": 26,
        "totalmoney": -190
    },
    "trained262613.keras": {
        "spreadDiff": 450.547809026,
        "correctPickNum": 19,
        "totalmoney": 440
    },
    "trained261313.keras": {
        "spreadDiff": 368.30985542400003,
        "correctPickNum": 32,
        "totalmoney": -190
    },
    "trained13134.keras": {
        "spreadDiff": 1315.869661,
        "correctPickNum": 29,
        "totalmoney": -400
    },
    "trained1384.keras": {
        "spreadDiff": 1734.1099534000004,
        "correctPickNum": 13,
        "totalmoney": 20
    },
    "trained5252.keras": {
        "spreadDiff": 517.726859486,
        "correctPickNum": 24,
        "totalmoney": 230
    },
    "trained5226.keras": {
        "spreadDiff": 1714.610715,
        "correctPickNum": 29,
        "totalmoney": -400
    },
    "trained5213.keras": {
        "spreadDiff": 677.38132803,
        "correctPickNum": 21,
        "totalmoney": 440
    },
    "trained528.keras": {
        "spreadDiff": 417.9222627,
        "correctPickNum": 29,
        "totalmoney": 230
    },
    "trained2613.keras": {
        "spreadDiff": 1022.314977,
        "correctPickNum": 29,
        "totalmoney": -400
    },
    "trained268.keras": {
        "spreadDiff": 3376.5342549999996,
        "correctPickNum": 13,
        "totalmoney": 20
    },
    "trained1313.keras": {
        "spreadDiff": 829.0598076000001,
        "correctPickNum": 18,
        "totalmoney": 440
    },
    "trained138.keras": {
        "spreadDiff": 1371.675534,
        "correctPickNum": 13,
        "totalmoney": 20
    },
    "trained134.keras": {
        "spreadDiff": 3073.3667289999994,
        "correctPickNum": 13,
        "totalmoney": 20
    }
}