{
    "startweek": 9,
    "endweek": 12,
    "trained525213.keras": {
        "spreadDiff": 644.2987149,
        "correctPickNum": 36,
        "totalmoney": -790
    },
    "trained522613.keras": {
        "spreadDiff": 587.028467641,
        "correctPickNum": 35,
        "totalmoney": 50
    },
    "trained521313.keras": {
        "spreadDiff": 646.2489361549999,
        "correctPickNum": 29,
        "totalmoney": -370
    },
    "trained481313.keras": {
        "spreadDiff": 758.1837541799999,
        "correctPickNum": 32,
        "totalmoney": -790
    },
    "trained262613.keras": {
        "spreadDiff": 624.3936636560001,
        "correctPickNum": 29,
        "totalmoney": 260
    },
    "trained261313.keras": {
        "spreadDiff": 549.801956708,
        "correctPickNum": 39,
        "totalmoney": -580
    },
    "trained13134.keras": {
        "spreadDiff": 1938.907408,
        "correctPickNum": 36,
        "totalmoney": -790
    },
    "trained1384.keras": {
        "spreadDiff": 2308.1799498000005,
        "correctPickNum": 22,
        "totalmoney": 260
    },
    "trained5252.keras": {
        "spreadDiff": 775.7997405859999,
        "correctPickNum": 30,
        "totalmoney": -580
    },
    "trained5226.keras": {
        "spreadDiff": 2487.170431,
        "correctPickNum": 36,
        "totalmoney": -790
    },
    "trained5213.keras": {
        "spreadDiff": 937.77557293,
        "correctPickNum": 29,
        "totalmoney": 260
    },
    "trained528.keras": {
        "spreadDiff": 616.3250198999999,
        "correctPickNum": 36,
        "totalmoney": -580
    },
    "trained2613.keras": {
        "spreadDiff": 1494.8920990000001,
        "correctPickNum": 36,
        "totalmoney": -790
    },
    "trained268.keras": {
        "spreadDiff": 4612.201249,
        "correctPickNum": 22,
        "totalmoney": 260
    },
    "trained1313.keras": {
        "spreadDiff": 1132.0229316,
        "correctPickNum": 28,
        "totalmoney": 890
    },
    "trained138.keras": {
        "spreadDiff": 1784.2490030000001,
        "correctPickNum": 22,
        "totalmoney": 260
    },
    "trained134.keras": {
        "spreadDiff": 4126.719552,
        "correctPickNum": 22,
        "totalmoney": 260
    }
}