{
    "startweek": 9,
    "endweek": 15,
    "trained525213.keras": {
        "spreadDiff": 1186.5035484999999,
        "correctPickNum": 61,
        "totalmoney": -470
    },
    "trained522613.keras": {
        "spreadDiff": 1092.976695871,
        "correctPickNum": 61,
        "totalmoney": -470
    },
    "trained521313.keras": {
        "spreadDiff": 1191.116137205,
        "correctPickNum": 54,
        "totalmoney": -680
    },
    "trained481313.keras": {
        "spreadDiff": 1409.2884720399998,
        "correctPickNum": 50,
        "totalmoney": -1310
    },
    "trained262613.keras": {
        "spreadDiff": 1164.0939758465,
        "correctPickNum": 49,
        "totalmoney": -260
    },
    "trained261313.keras": {
        "spreadDiff": 1051.746553198,
        "correctPickNum": 63,
        "totalmoney": -680
    },
    "trained13134.keras": {
        "spreadDiff": 3469.1434510000004,
        "correctPickNum": 61,
        "totalmoney": -1310
    },
    "trained1384.keras": {
        "spreadDiff": 4124.0390276,
        "correctPickNum": 41,
        "totalmoney": 370
    },
    "trained5252.keras": {
        "spreadDiff": 1427.267838886,
        "correctPickNum": 48,
        "totalmoney": -1100
    },
    "trained5226.keras": {
        "spreadDiff": 4328.336272,
        "correctPickNum": 61,
        "totalmoney": -1310
    },
    "trained5213.keras": {
        "spreadDiff": 1669.79710761,
        "correctPickNum": 55,
        "totalmoney": 1210
    },
    "trained528.keras": {
        "spreadDiff": 1133.5490737999999,
        "correctPickNum": 61,
        "totalmoney": -1100
    },
    "trained2613.keras": {
        "spreadDiff": 2656.7547275,
        "correctPickNum": 61,
        "totalmoney": -1310
    },
    "trained268.keras": {
        "spreadDiff": 8230.993709,
        "correctPickNum": 41,
        "totalmoney": 370
    },
    "trained1313.keras": {
        "spreadDiff": 1988.0364462,
        "correctPickNum": 48,
        "totalmoney": 790
    },
    "trained138.keras": {
        "spreadDiff": 3207.0079790000004,
        "correctPickNum": 41,
        "totalmoney": 370
    },
    "trained134.keras": {
        "spreadDiff": 7354.027278999999,
        "correctPickNum": 41,
        "totalmoney": 370
    }
}