{
    "trained525213.keras": {
        "spreadDiff": 217.70796610000002,
        "correctPickNum": 11,
        "totalmoney": 140
    },
    "trained522613.keras": {
        "spreadDiff": 215.42810360000001,
        "correctPickNum": 12,
        "totalmoney": -490
    },
    "trained521313.keras": {
        "spreadDiff": 242.23226920000002,
        "correctPickNum": 10,
        "totalmoney": -280
    },
    "trained481313.keras": {
        "spreadDiff": 282.49727909999996,
        "correctPickNum": 7,
        "totalmoney": -280
    },
    "trained262613.keras": {
        "spreadDiff": 242.78549222,
        "correctPickNum": 7,
        "totalmoney": -700
    },
    "trained261313.keras": {
        "spreadDiff": 191.39130579000002,
        "correctPickNum": 11,
        "totalmoney": -70
    },
    "trained13134.keras": {
        "spreadDiff": 479.292042,
        "correctPickNum": 11,
        "totalmoney": 350
    },
    "trained1384.keras": {
        "spreadDiff": 675.8791688000001,
        "correctPickNum": 5,
        "totalmoney": -490
    },
    "trained5252.keras": {
        "spreadDiff": 278.35263976,
        "correctPickNum": 9,
        "totalmoney": -280
    },
    "trained5226.keras": {
        "spreadDiff": 613.5170439999999,
        "correctPickNum": 11,
        "totalmoney": 350
    },
    "trained5213.keras": {
        "spreadDiff": 291.46291021,
        "correctPickNum": 8,
        "totalmoney": -70
    },
    "trained528.keras": {
        "spreadDiff": 232.31774360000006,
        "correctPickNum": 11,
        "totalmoney": -490
    },
    "trained2613.keras": {
        "spreadDiff": 395.22077800000005,
        "correctPickNum": 11,
        "totalmoney": 350
    },
    "trained268.keras": {
        "spreadDiff": 1376.5558099999998,
        "correctPickNum": 5,
        "totalmoney": -490
    },
    "trained1313.keras": {
        "spreadDiff": 422.49341269999996,
        "correctPickNum": 5,
        "totalmoney": -700
    },
    "trained138.keras": {
        "spreadDiff": 561.1166960000002,
        "correctPickNum": 5,
        "totalmoney": -490
    },
    "trained134.keras": {
        "spreadDiff": 1231.476406,
        "correctPickNum": 5,
        "totalmoney": -490
    }
}