{
    "trained525213.keras": {
        "spreadDiff": 176.68043400000002,
        "correctPickNum": 8,
        "totalmoney": 760
    },
    "trained522613.keras": {
        "spreadDiff": 158.81500652799997,
        "correctPickNum": 7,
        "totalmoney": 130
    },
    "trained521313.keras": {
        "spreadDiff": 192.11146140000002,
        "correctPickNum": 5,
        "totalmoney": 340
    },
    "trained481313.keras": {
        "spreadDiff": 151.43902376,
        "correctPickNum": 9,
        "totalmoney": 760
    },
    "trained262613.keras": {
        "spreadDiff": 147.71979646999998,
        "correctPickNum": 8,
        "totalmoney": 550
    },
    "trained261313.keras": {
        "spreadDiff": 147.46739183,
        "correctPickNum": 8,
        "totalmoney": 760
    },
    "trained13134.keras": {
        "spreadDiff": 491.352082,
        "correctPickNum": 8,
        "totalmoney": 130
    },
    "trained1384.keras": {
        "spreadDiff": 615.8048826,
        "correctPickNum": 8,
        "totalmoney": -290
    },
    "trained5252.keras": {
        "spreadDiff": 169.06773090000002,
        "correctPickNum": 9,
        "totalmoney": 550
    },
    "trained5226.keras": {
        "spreadDiff": 730.4144679999999,
        "correctPickNum": 8,
        "totalmoney": 130
    },
    "trained5213.keras": {
        "spreadDiff": 252.13678149999998,
        "correctPickNum": 9,
        "totalmoney": 130
    },
    "trained528.keras": {
        "spreadDiff": 154.958623,
        "correctPickNum": 8,
        "totalmoney": 130
    },
    "trained2613.keras": {
        "spreadDiff": 459.65362799999997,
        "correctPickNum": 8,
        "totalmoney": 130
    },
    "trained268.keras": {
        "spreadDiff": 1199.341624,
        "correctPickNum": 8,
        "totalmoney": -290
    },
    "trained1313.keras": {
        "spreadDiff": 262.20878367000006,
        "correctPickNum": 7,
        "totalmoney": -80
    },
    "trained138.keras": {
        "spreadDiff": 496.19262699999996,
        "correctPickNum": 8,
        "totalmoney": -290
    },
    "trained134.keras": {
        "spreadDiff": 1191.595957,
        "correctPickNum": 8,
        "totalmoney": -290
    }
}